A,B,C,D,E,F
4.0,nan,10,False,2023-01-01 00:00:00,7.173201439448773
5.0,grape,10,True,2023-01-01 01:00:00,9.920137886391734
3.0,orange,10,True,2023-01-01 02:00:00,7.724976289678339
5.0,apple,10,False,2023-01-01 03:00:00,7.659877480170506
5.0,orange,10,False,2023-01-01 04:00:00,9.552814776375325
2.0,orange,10,False,2023-01-01 05:00:00,2.82642730817412
3.0,nan,10,False,2023-01-01 06:00:00,6.0899496842929635
3.0,grape,10,False,2023-01-01 07:00:00,9.816820435304951
3.0,banana,10,False,2023-01-01 08:00:00,2.487646998731571
5.0,grape,10,False,2023-01-01 09:00:00,7.302267635000689
4.0,grape,10,True,2023-01-01 10:00:00,6.272291313747117
3.0,orange,10,True,2023-01-01 11:00:00,6.278311829698363
,grape,10,True,2023-01-01 12:00:00,7.279035647680677
5.0,apple,10,True,2023-01-01 13:00:00,9.366552305881157
2.0,orange,10,True,2023-01-01 14:00:00,8.043237458662041
4.0,apple,10,False,2023-01-01 15:00:00,1.50522493074589
,banana,10,True,2023-01-01 16:00:00,8.6745521788814
,orange,10,True,2023-01-01 17:00:00,3.0298719693315936
2.0,banana,10,True,2023-01-01 18:00:00,4.392227482627348
4.0,orange,10,True,2023-01-01 19:00:00,5.15559532251144
5.0,nan,10,True,2023-01-01 20:00:00,5.328154006777627
1.0,grape,10,True,2023-01-01 21:00:00,4.916623593298211
4.0,nan,10,True,2023-01-01 22:00:00,9.43617964794278
2.0,banana,10,False,2023-01-01 23:00:00,7.354171068976221
,grape,10,False,2023-01-02 00:00:00,6.680535813610357
5.0,orange,10,True,2023-01-02 01:00:00,1.4485782500464741
4.0,grape,10,False,2023-01-02 02:00:00,9.135219972343371
1.0,apple,10,False,2023-01-02 03:00:00,9.184511728075567
1.0,grape,10,False,2023-01-02 04:00:00,8.02191757087092
3.0,apple,10,False,2023-01-02 05:00:00,1.0632628343225723
3.0,grape,10,True,2023-01-02 06:00:00,1.5155222596986102
2.0,apple,10,False,2023-01-02 07:00:00,3.027013320416408
4.0,banana,10,False,2023-01-02 08:00:00,2.18214467330416
4.0,nan,10,False,2023-01-02 09:00:00,4.589524267333565
,orange,10,True,2023-01-02 10:00:00,9.303607522790108
,grape,10,True,2023-01-02 11:00:00,5.2485439077729845
,nan,10,True,2023-01-02 12:00:00,1.1206236378894905
3.0,orange,10,True,2023-01-02 13:00:00,3.544711206208858
4.0,orange,10,True,2023-01-02 14:00:00,1.4013541753566539
4.0,apple,10,True,2023-01-02 15:00:00,1.3265886035215195
1.0,banana,10,True,2023-01-02 16:00:00,3.48147867785997
3.0,banana,10,False,2023-01-02 17:00:00,3.480511048110509
5.0,nan,10,False,2023-01-02 18:00:00,8.084139423414436
3.0,banana,10,False,2023-01-02 19:00:00,9.773511875030007
5.0,grape,10,True,2023-01-02 20:00:00,4.340863845009984
1.0,banana,10,True,2023-01-02 21:00:00,4.859981909749347
2.0,nan,10,True,2023-01-02 22:00:00,8.603104926574193
4.0,banana,10,True,2023-01-02 23:00:00,3.4132511808596204
1.0,grape,10,True,2023-01-03 00:00:00,2.4074362396310316
4.0,apple,10,False,2023-01-03 01:00:00,8.677806610632853
,nan,10,False,2023-01-03 02:00:00,1.4185052779605893
2.0,apple,10,True,2023-01-03 03:00:00,6.577294961794741
2.0,apple,10,True,2023-01-03 04:00:00,6.057935627201261
1.0,apple,10,True,2023-01-03 05:00:00,4.113284027515249
2.0,orange,10,True,2023-01-03 06:00:00,3.836705689876231
5.0,orange,10,False,2023-01-03 07:00:00,7.946719535634592
2.0,apple,10,True,2023-01-03 08:00:00,1.7778214968629182
4.0,nan,10,True,2023-01-03 09:00:00,3.1310587838024686
4.0,grape,10,True,2023-01-03 10:00:00,7.592038586542808
4.0,grape,10,True,2023-01-03 11:00:00,5.934885253537818
4.0,banana,10,False,2023-01-03 12:00:00,2.1518938768022773
5.0,nan,10,True,2023-01-03 13:00:00,8.939220528538542
3.0,orange,10,True,2023-01-03 14:00:00,4.541030619072324
,apple,10,False,2023-01-03 15:00:00,8.450815377899556
1.0,banana,10,False,2023-01-03 16:00:00,8.08941713974938
4.0,grape,10,False,2023-01-03 17:00:00,6.619829018245552
2.0,orange,10,True,2023-01-03 18:00:00,5.450330181655836
4.0,orange,10,True,2023-01-03 19:00:00,9.815957563435813
2.0,apple,10,False,2023-01-03 20:00:00,2.304685651418353
,grape,10,False,2023-01-03 21:00:00,7.526401547960033
,nan,10,False,2023-01-03 22:00:00,2.720716313183101
,orange,10,False,2023-01-03 23:00:00,4.044367947991136
2.0,apple,10,False,2023-01-04 00:00:00,3.778288690358757
4.0,nan,10,False,2023-01-04 01:00:00,9.523323889648507
,grape,10,True,2023-01-04 02:00:00,9.706205600094476
5.0,orange,10,True,2023-01-04 03:00:00,2.6471389981125446
2.0,nan,10,True,2023-01-04 04:00:00,1.1983164426775377
2.0,nan,10,False,2023-01-04 05:00:00,7.480072356968018
4.0,nan,10,False,2023-01-04 06:00:00,4.761909404834359
2.0,orange,10,False,2023-01-04 07:00:00,1.7995622057880793
2.0,orange,10,False,2023-01-04 08:00:00,7.153786950193383
,banana,10,False,2023-01-04 09:00:00,5.905949754346297
4.0,grape,10,False,2023-01-04 10:00:00,9.824651398009955
,apple,10,True,2023-01-04 11:00:00,3.0466854627524103
,nan,10,True,2023-01-04 12:00:00,4.635800886938934
4.0,banana,10,False,2023-01-04 13:00:00,5.882912230558806
1.0,apple,10,True,2023-01-04 14:00:00,8.125299896080165
,banana,10,False,2023-01-04 15:00:00,5.939547910480528
5.0,orange,10,True,2023-01-04 16:00:00,6.516101447757543
5.0,nan,10,False,2023-01-04 17:00:00,3.035323464309467
2.0,apple,10,False,2023-01-04 18:00:00,8.622268552797038
5.0,apple,10,True,2023-01-04 19:00:00,4.857674922734281
2.0,apple,10,True,2023-01-04 20:00:00,2.2686366476959234
1.0,apple,10,False,2023-01-04 21:00:00,6.977691230548756
4.0,apple,10,False,2023-01-04 22:00:00,2.9448140786677675
4.0,banana,10,True,2023-01-04 23:00:00,1.8780625921536975
4.0,nan,10,True,2023-01-05 00:00:00,8.75788217563845
5.0,orange,10,False,2023-01-05 01:00:00,5.141460380395957
1.0,orange,10,True,2023-01-05 02:00:00,7.743553414261988
5.0,orange,10,False,2023-01-05 03:00:00,3.6152880382571957
5.0,orange,10,False,2023-01-05 04:00:00,8.082731214258997
1.0,banana,10,False,2023-01-05 05:00:00,2.007423343193773
1.0,grape,10,False,2023-01-05 06:00:00,4.203760364153674
1.0,nan,10,True,2023-01-05 07:00:00,9.802556361761757
1.0,apple,10,True,2023-01-05 08:00:00,8.145907447312055
4.0,grape,10,True,2023-01-05 09:00:00,5.475303372832194
3.0,orange,10,True,2023-01-05 10:00:00,4.057997244056966
3.0,grape,10,True,2023-01-05 11:00:00,8.849221300202288
1.0,nan,10,True,2023-01-05 12:00:00,5.903629831760641
3.0,apple,10,True,2023-01-05 13:00:00,7.825825160822
3.0,apple,10,False,2023-01-05 14:00:00,7.786969122845476
1.0,nan,10,True,2023-01-05 15:00:00,1.1615111071164264
3.0,nan,10,True,2023-01-05 16:00:00,2.136284045133521
5.0,orange,10,False,2023-01-05 17:00:00,6.93666429755268
2.0,apple,10,True,2023-01-05 18:00:00,2.454578301572843
2.0,grape,10,True,2023-01-05 19:00:00,3.2994401019004425
1.0,banana,10,False,2023-01-05 20:00:00,9.519741587796464
4.0,banana,10,True,2023-01-05 21:00:00,6.041640325374207
1.0,nan,10,True,2023-01-05 22:00:00,7.756565562994124
4.0,orange,10,True,2023-01-05 23:00:00,6.021826649043759
2.0,banana,10,False,2023-01-06 00:00:00,5.972622533044527
1.0,apple,10,True,2023-01-06 01:00:00,1.8473671911312812
,nan,10,True,2023-01-06 02:00:00,4.092968733481928
5.0,grape,10,False,2023-01-06 03:00:00,3.5418780881786054
3.0,nan,10,True,2023-01-06 04:00:00,4.516555290522519
4.0,grape,10,False,2023-01-06 05:00:00,8.185097694018955
,nan,10,False,2023-01-06 06:00:00,4.347394011251784
3.0,nan,10,True,2023-01-06 07:00:00,5.065271373085144
3.0,nan,10,False,2023-01-06 08:00:00,4.576432514367848
1.0,grape,10,False,2023-01-06 09:00:00,1.8406717477776604
3.0,grape,10,True,2023-01-06 10:00:00,4.969649424257053
5.0,nan,10,False,2023-01-06 11:00:00,2.7604834574006354
,banana,10,False,2023-01-06 12:00:00,2.680509661957373
3.0,orange,10,True,2023-01-06 13:00:00,1.8463249399083972
1.0,orange,10,True,2023-01-06 14:00:00,4.210038767275883
5.0,orange,10,True,2023-01-06 15:00:00,7.817336963104756
2.0,grape,10,False,2023-01-06 16:00:00,3.4879752152505645
,grape,10,True,2023-01-06 17:00:00,3.811141916969622
3.0,banana,10,False,2023-01-06 18:00:00,6.784071919051812
1.0,orange,10,False,2023-01-06 19:00:00,2.76256731328227
2.0,orange,10,False,2023-01-06 20:00:00,9.07262137381181
2.0,nan,10,False,2023-01-06 21:00:00,5.68171470926399
4.0,grape,10,False,2023-01-06 22:00:00,5.028426462881953
5.0,orange,10,False,2023-01-06 23:00:00,6.020381727362812
3.0,banana,10,False,2023-01-07 00:00:00,2.494308820745759
1.0,banana,10,True,2023-01-07 01:00:00,6.521258247752587
4.0,orange,10,True,2023-01-07 02:00:00,4.2679066297060935
5.0,grape,10,False,2023-01-07 03:00:00,9.07467706868157
4.0,banana,10,False,2023-01-07 04:00:00,2.5196878600991752
,nan,10,True,2023-01-07 05:00:00,5.56345993478897
5.0,banana,10,False,2023-01-07 06:00:00,6.383013664321162
5.0,apple,10,True,2023-01-07 07:00:00,1.3004524160774311
3.0,apple,10,True,2023-01-07 08:00:00,4.273238122805262
5.0,grape,10,True,2023-01-07 09:00:00,7.593717112307496
4.0,orange,10,False,2023-01-07 10:00:00,8.38339756704076
5.0,grape,10,False,2023-01-07 11:00:00,3.818457953355541
3.0,grape,10,True,2023-01-07 12:00:00,8.18733945144476
3.0,grape,10,True,2023-01-07 13:00:00,9.7098028939305
,grape,10,True,2023-01-07 14:00:00,8.711865424675846
4.0,nan,10,True,2023-01-07 15:00:00,2.0587958934339268
2.0,nan,10,True,2023-01-07 16:00:00,7.657572988769866
2.0,banana,10,False,2023-01-07 17:00:00,3.8770014919649025
5.0,apple,10,True,2023-01-07 18:00:00,9.895743904708688
,grape,10,False,2023-01-07 19:00:00,5.3682308484389845
1.0,banana,10,True,2023-01-07 20:00:00,2.1019050852304693
5.0,apple,10,False,2023-01-07 21:00:00,7.5266699322465165
,orange,10,False,2023-01-07 22:00:00,3.9071007854759245
4.0,nan,10,False,2023-01-07 23:00:00,9.973703413734956
4.0,apple,10,False,2023-01-08 00:00:00,9.818042120690697
4.0,orange,10,False,2023-01-08 01:00:00,6.905206162185226
4.0,apple,10,False,2023-01-08 02:00:00,2.168438040565458
4.0,nan,10,True,2023-01-08 03:00:00,7.1817489790752616
,nan,10,False,2023-01-08 04:00:00,1.8372743781402447
,banana,10,True,2023-01-08 05:00:00,1.2642774319215309
3.0,grape,10,False,2023-01-08 06:00:00,8.406626015993375
2.0,apple,10,False,2023-01-08 07:00:00,2.887776529153132
4.0,apple,10,True,2023-01-08 08:00:00,4.411244135971876
1.0,orange,10,False,2023-01-08 09:00:00,9.761116509785559
,nan,10,True,2023-01-08 10:00:00,4.031564516749929
1.0,apple,10,True,2023-01-08 11:00:00,3.6684080315498373
1.0,nan,10,True,2023-01-08 12:00:00,9.263871996604976
1.0,apple,10,True,2023-01-08 13:00:00,1.996736007870623
3.0,banana,10,False,2023-01-08 14:00:00,7.836241691031686
,grape,10,False,2023-01-08 15:00:00,9.892590099874965
1.0,apple,10,True,2023-01-08 16:00:00,9.11166409697184
4.0,nan,10,False,2023-01-08 17:00:00,6.865011268357834
5.0,banana,10,False,2023-01-08 18:00:00,3.826547154934588
1.0,apple,10,True,2023-01-08 19:00:00,3.2888978306048506
3.0,orange,10,False,2023-01-08 20:00:00,8.37329594384315
,grape,10,True,2023-01-08 21:00:00,8.918397225565258
3.0,apple,10,True,2023-01-08 22:00:00,5.728914212911236
1.0,banana,10,False,2023-01-08 23:00:00,3.1990594670781953
,orange,10,False,2023-01-09 00:00:00,2.016488875700562
5.0,banana,10,False,2023-01-09 01:00:00,1.7846152104864805
1.0,banana,10,True,2023-01-09 02:00:00,7.4716970261847
3.0,orange,10,True,2023-01-09 03:00:00,4.7810685506295245
2.0,banana,10,False,2023-01-09 04:00:00,9.148238868500833
4.0,orange,10,False,2023-01-09 05:00:00,7.657041706540873
3.0,apple,10,False,2023-01-09 06:00:00,2.7213437612312803
,orange,10,False,2023-01-09 07:00:00,6.5239967693412915
1.0,orange,10,True,2023-01-09 08:00:00,4.919549089583434
4.0,grape,10,False,2023-01-09 09:00:00,6.1952475769175175
1.0,orange,10,True,2023-01-09 10:00:00,7.642622110046655
,orange,10,True,2023-01-09 11:00:00,8.255762929034116
1.0,apple,10,False,2023-01-09 12:00:00,8.593635937660519
2.0,grape,10,False,2023-01-09 13:00:00,3.2857738711482227
4.0,nan,10,False,2023-01-09 14:00:00,1.2800403992562193
4.0,apple,10,True,2023-01-09 15:00:00,7.653652616482958
,apple,10,False,2023-01-09 16:00:00,1.9570935363019712
2.0,nan,10,False,2023-01-09 17:00:00,3.834276297516709
3.0,orange,10,True,2023-01-09 18:00:00,1.0343542071191243
1.0,banana,10,False,2023-01-09 19:00:00,7.135025341614581
5.0,grape,10,True,2023-01-09 20:00:00,2.5041881032409914
1.0,banana,10,False,2023-01-09 21:00:00,6.897541687224924
1.0,nan,10,True,2023-01-09 22:00:00,9.925683554510549
3.0,apple,10,False,2023-01-09 23:00:00,1.6540378444901465
1.0,apple,10,False,2023-01-10 00:00:00,1.6937021075631462
2.0,grape,10,True,2023-01-10 01:00:00,4.063420834000074
2.0,apple,10,True,2023-01-10 02:00:00,8.797478628262079
4.0,apple,10,False,2023-01-10 03:00:00,2.9397688191219866
,grape,10,True,2023-01-10 04:00:00,4.243400379373128
5.0,grape,10,True,2023-01-10 05:00:00,1.6165486596428162
1.0,nan,10,True,2023-01-10 06:00:00,7.868397621330004
1.0,apple,10,True,2023-01-10 07:00:00,4.6747570848350595
3.0,apple,10,False,2023-01-10 08:00:00,7.833238597547585
,nan,10,False,2023-01-10 09:00:00,9.132470599121156
2.0,orange,10,True,2023-01-10 10:00:00,3.094868323911599
5.0,orange,10,True,2023-01-10 11:00:00,8.266564273059561
4.0,orange,10,True,2023-01-10 12:00:00,1.5318450107042794
2.0,nan,10,True,2023-01-10 13:00:00,9.089626493622227
,apple,10,False,2023-01-10 14:00:00,6.856916928028726
4.0,nan,10,False,2023-01-10 15:00:00,8.868040517245163
3.0,nan,10,True,2023-01-10 16:00:00,1.001695596009237
3.0,orange,10,True,2023-01-10 17:00:00,2.5217296332039325
1.0,banana,10,True,2023-01-10 18:00:00,4.507834486838428
,apple,10,False,2023-01-10 19:00:00,4.415526130372467
5.0,orange,10,True,2023-01-10 20:00:00,3.040573446311596
4.0,banana,10,False,2023-01-10 21:00:00,4.4345074588048
2.0,banana,10,True,2023-01-10 22:00:00,2.1596384080022935
,grape,10,False,2023-01-10 23:00:00,4.714850163394234
,apple,10,True,2023-01-11 00:00:00,8.221188962433377
3.0,banana,10,False,2023-01-11 01:00:00,5.311630567930161
1.0,orange,10,True,2023-01-11 02:00:00,1.1620008005069349
1.0,grape,10,True,2023-01-11 03:00:00,4.792996374213226
4.0,apple,10,True,2023-01-11 04:00:00,1.2445751448175975
3.0,nan,10,False,2023-01-11 05:00:00,9.696190696361183
,orange,10,True,2023-01-11 06:00:00,2.147085634805821
5.0,banana,10,False,2023-01-11 07:00:00,7.3691949369755685
3.0,banana,10,False,2023-01-11 08:00:00,9.754986906028773
4.0,orange,10,True,2023-01-11 09:00:00,8.434351464999146
4.0,banana,10,True,2023-01-11 10:00:00,7.293838376135833
3.0,grape,10,True,2023-01-11 11:00:00,8.555148185506901
4.0,apple,10,False,2023-01-11 12:00:00,9.836188239345649
3.0,grape,10,True,2023-01-11 13:00:00,6.592100475281766
2.0,banana,10,False,2023-01-11 14:00:00,6.032663261463938
3.0,nan,10,False,2023-01-11 15:00:00,6.654142994169533
3.0,apple,10,True,2023-01-11 16:00:00,5.794082980853995
4.0,apple,10,True,2023-01-11 17:00:00,6.715801953187469
4.0,orange,10,True,2023-01-11 18:00:00,5.0485798717530335
1.0,orange,10,True,2023-01-11 19:00:00,2.965988645949764
1.0,nan,10,True,2023-01-11 20:00:00,2.0822250386050807
2.0,apple,10,True,2023-01-11 21:00:00,1.6150684197903435
1.0,nan,10,False,2023-01-11 22:00:00,3.3698420537788008
3.0,orange,10,False,2023-01-11 23:00:00,1.4151120790216045
4.0,orange,10,False,2023-01-12 00:00:00,6.104537019274471
1.0,apple,10,True,2023-01-12 01:00:00,3.5544560232116824
1.0,grape,10,False,2023-01-12 02:00:00,8.420813272783288
2.0,banana,10,False,2023-01-12 03:00:00,1.668167856895478
,orange,10,False,2023-01-12 04:00:00,3.0371634490733737
2.0,orange,10,False,2023-01-12 05:00:00,7.572215323811313
3.0,grape,10,False,2023-01-12 06:00:00,6.3892746674514225
4.0,grape,10,True,2023-01-12 07:00:00,1.5804214412425077
2.0,nan,10,True,2023-01-12 08:00:00,8.895155114459804
1.0,nan,10,False,2023-01-12 09:00:00,8.895355865435615
4.0,banana,10,False,2023-01-12 10:00:00,3.9736720348819645
4.0,banana,10,False,2023-01-12 11:00:00,4.0636525901460825
1.0,apple,10,True,2023-01-12 12:00:00,9.901255225151566
2.0,nan,10,True,2023-01-12 13:00:00,6.635585544338244
1.0,orange,10,False,2023-01-12 14:00:00,5.781848685112532
,nan,10,True,2023-01-12 15:00:00,8.543369651967321
4.0,orange,10,True,2023-01-12 16:00:00,3.5676130452158477
5.0,grape,10,False,2023-01-12 17:00:00,4.862643340567212
5.0,nan,10,True,2023-01-12 18:00:00,3.4099900793950075
3.0,grape,10,True,2023-01-12 19:00:00,8.102447619298584
1.0,banana,10,False,2023-01-12 20:00:00,6.160144110716962
1.0,banana,10,True,2023-01-12 21:00:00,6.929425631260635
3.0,apple,10,True,2023-01-12 22:00:00,3.270765248554659
3.0,nan,10,False,2023-01-12 23:00:00,2.982027712395836
3.0,grape,10,True,2023-01-13 00:00:00,5.395371660846449
4.0,orange,10,True,2023-01-13 01:00:00,7.638091741835441
,banana,10,False,2023-01-13 02:00:00,5.727157817681442
1.0,banana,10,False,2023-01-13 03:00:00,1.2938110979110173
4.0,orange,10,False,2023-01-13 04:00:00,8.816963556882598
3.0,grape,10,True,2023-01-13 05:00:00,1.5821820416361843
1.0,grape,10,False,2023-01-13 06:00:00,9.602420353486771
4.0,nan,10,True,2023-01-13 07:00:00,1.2262776244954545
,nan,10,False,2023-01-13 08:00:00,7.250054105176379
4.0,apple,10,True,2023-01-13 09:00:00,1.7398635734060348
,banana,10,False,2023-01-13 10:00:00,9.196089214916256
3.0,nan,10,False,2023-01-13 11:00:00,5.179899126029885
,grape,10,False,2023-01-13 12:00:00,2.2377139733531384
1.0,orange,10,False,2023-01-13 13:00:00,4.067341298108619
3.0,grape,10,True,2023-01-13 14:00:00,2.4834220781208582
1.0,banana,10,False,2023-01-13 15:00:00,2.5352372040138103
5.0,grape,10,False,2023-01-13 16:00:00,9.53297488154298
2.0,apple,10,True,2023-01-13 17:00:00,5.007215010563094
,banana,10,False,2023-01-13 18:00:00,8.099220375148235
2.0,orange,10,True,2023-01-13 19:00:00,6.7564500505991365
2.0,apple,10,False,2023-01-13 20:00:00,7.0878372610455305
,banana,10,False,2023-01-13 21:00:00,2.1852409462483466
3.0,orange,10,False,2023-01-13 22:00:00,3.1076600213393712
5.0,apple,10,True,2023-01-13 23:00:00,8.080753016389933
1.0,apple,10,False,2023-01-14 00:00:00,9.736895858273046
4.0,banana,10,False,2023-01-14 01:00:00,3.3640807833878656
1.0,nan,10,False,2023-01-14 02:00:00,3.4441188827593585
4.0,apple,10,True,2023-01-14 03:00:00,5.256074195298144
1.0,apple,10,True,2023-01-14 04:00:00,9.85456281569894
,orange,10,False,2023-01-14 05:00:00,3.4206305124382395
5.0,grape,10,True,2023-01-14 06:00:00,4.6627471867083745
4.0,banana,10,False,2023-01-14 07:00:00,9.023320140611562
3.0,banana,10,False,2023-01-14 08:00:00,1.026289293592258
1.0,nan,10,False,2023-01-14 09:00:00,1.357893684897126
1.0,nan,10,False,2023-01-14 10:00:00,6.436645093640973
4.0,banana,10,False,2023-01-14 11:00:00,9.166421482415624
3.0,nan,10,False,2023-01-14 12:00:00,3.149709943617349
3.0,orange,10,False,2023-01-14 13:00:00,5.226775972126381
,banana,10,True,2023-01-14 14:00:00,5.0541877149203644
,nan,10,True,2023-01-14 15:00:00,5.256742114859591
,banana,10,True,2023-01-14 16:00:00,6.602677261567707
,grape,10,True,2023-01-14 17:00:00,5.2276938669161535
,apple,10,True,2023-01-14 18:00:00,5.02721327190212
,banana,10,True,2023-01-14 19:00:00,5.268595783881345
5.0,apple,10,True,2023-01-14 20:00:00,6.317806971439373
3.0,nan,10,False,2023-01-14 21:00:00,5.833067395162225
,apple,10,False,2023-01-14 22:00:00,8.687223978854538
3.0,banana,10,False,2023-01-14 23:00:00,1.4454716814429995
3.0,grape,10,False,2023-01-15 00:00:00,8.499853643257111
2.0,nan,10,True,2023-01-15 01:00:00,8.595321513505517
5.0,banana,10,True,2023-01-15 02:00:00,3.5641721937786475
,nan,10,False,2023-01-15 03:00:00,5.165667595142656
1.0,orange,10,False,2023-01-15 04:00:00,4.94684639683692
4.0,apple,10,True,2023-01-15 05:00:00,2.9665885091871727
1.0,orange,10,False,2023-01-15 06:00:00,4.5711716237768485
5.0,banana,10,False,2023-01-15 07:00:00,1.3994899495376898
4.0,grape,10,False,2023-01-15 08:00:00,3.50039865503561
5.0,nan,10,False,2023-01-15 09:00:00,8.350139579056464
3.0,apple,10,True,2023-01-15 10:00:00,3.561060715866078
4.0,nan,10,False,2023-01-15 11:00:00,8.36386001873423
3.0,banana,10,False,2023-01-15 12:00:00,5.784395181439878
1.0,nan,10,True,2023-01-15 13:00:00,8.91876409625044
1.0,apple,10,True,2023-01-15 14:00:00,6.173015988379737
4.0,banana,10,False,2023-01-15 15:00:00,1.2670140075826584
4.0,nan,10,True,2023-01-15 16:00:00,7.078781867923803
,grape,10,False,2023-01-15 17:00:00,1.403682112212118
5.0,banana,10,False,2023-01-15 18:00:00,5.055373170848206
,banana,10,True,2023-01-15 19:00:00,9.364840250258027
5.0,grape,10,False,2023-01-15 20:00:00,2.4868354540406514
,orange,10,False,2023-01-15 21:00:00,4.508851176473897
3.0,apple,10,False,2023-01-15 22:00:00,7.568742779636306
4.0,orange,10,False,2023-01-15 23:00:00,8.940327004853629
1.0,nan,10,True,2023-01-16 00:00:00,7.038487042682571
5.0,grape,10,True,2023-01-16 01:00:00,3.323559287720523
5.0,orange,10,False,2023-01-16 02:00:00,7.071470676245945
1.0,banana,10,True,2023-01-16 03:00:00,3.67054876993681
,nan,10,False,2023-01-16 04:00:00,7.465863068368617
5.0,nan,10,False,2023-01-16 05:00:00,9.586298148265366
3.0,orange,10,False,2023-01-16 06:00:00,7.4925410599565945
4.0,orange,10,False,2023-01-16 07:00:00,8.765924526211712
1.0,grape,10,False,2023-01-16 08:00:00,1.0189345885829506
4.0,apple,10,True,2023-01-16 09:00:00,7.4581491225843495
5.0,orange,10,False,2023-01-16 10:00:00,8.466288011787253
5.0,orange,10,True,2023-01-16 11:00:00,1.3650286379021328
1.0,banana,10,True,2023-01-16 12:00:00,8.844379545594077
3.0,nan,10,False,2023-01-16 13:00:00,3.3102480547904127
2.0,apple,10,False,2023-01-16 14:00:00,6.987628917802497
1.0,banana,10,False,2023-01-16 15:00:00,8.20319391121066
2.0,grape,10,False,2023-01-16 16:00:00,6.963980617534199
,grape,10,False,2023-01-16 17:00:00,1.8305631286593151
2.0,orange,10,True,2023-01-16 18:00:00,6.366893669743315
3.0,orange,10,False,2023-01-16 19:00:00,5.946252910499292
,grape,10,False,2023-01-16 20:00:00,9.102891412668443
2.0,orange,10,True,2023-01-16 21:00:00,4.638157566797883
,apple,10,True,2023-01-16 22:00:00,3.889729873783451
2.0,orange,10,False,2023-01-16 23:00:00,7.7486568799281965
3.0,nan,10,True,2023-01-17 00:00:00,4.71407793475057
2.0,orange,10,False,2023-01-17 01:00:00,6.814865575045567
2.0,banana,10,True,2023-01-17 02:00:00,6.818050811121463
2.0,apple,10,True,2023-01-17 03:00:00,8.99235157924106
1.0,banana,10,False,2023-01-17 04:00:00,6.388231620871876
1.0,banana,10,True,2023-01-17 05:00:00,5.519382489657882
1.0,nan,10,True,2023-01-17 06:00:00,2.249841937568653
3.0,apple,10,True,2023-01-17 07:00:00,2.041638460108348
,apple,10,True,2023-01-17 08:00:00,2.3888940875477145
5.0,apple,10,True,2023-01-17 09:00:00,2.5466363319438505
2.0,apple,10,True,2023-01-17 10:00:00,6.740893833972705
2.0,apple,10,False,2023-01-17 11:00:00,7.668831252471207
3.0,nan,10,False,2023-01-17 12:00:00,5.769923706337768
2.0,orange,10,True,2023-01-17 13:00:00,8.46115959290942
1.0,banana,10,False,2023-01-17 14:00:00,9.921369040602698
5.0,apple,10,False,2023-01-17 15:00:00,8.380113662074205
4.0,orange,10,False,2023-01-17 16:00:00,7.253941363083633
2.0,orange,10,True,2023-01-17 17:00:00,5.79243429493432
1.0,banana,10,False,2023-01-17 18:00:00,5.039677645072374
4.0,nan,10,True,2023-01-17 19:00:00,1.759531424900881
5.0,grape,10,False,2023-01-17 20:00:00,4.594318735552219
4.0,grape,10,True,2023-01-17 21:00:00,9.191211731039209
1.0,orange,10,True,2023-01-17 22:00:00,8.272203669158976
,banana,10,False,2023-01-17 23:00:00,2.944462285105185
,grape,10,False,2023-01-18 00:00:00,5.199470062274942
4.0,orange,10,True,2023-01-18 01:00:00,8.350508823026901
3.0,nan,10,False,2023-01-18 02:00:00,1.6064609930697027
4.0,grape,10,False,2023-01-18 03:00:00,4.486533271017934
2.0,orange,10,False,2023-01-18 04:00:00,8.666571131865528
2.0,orange,10,True,2023-01-18 05:00:00,4.635080777531114
,apple,10,True,2023-01-18 06:00:00,1.6985318025829677
3.0,nan,10,False,2023-01-18 07:00:00,5.882809316790263
1.0,apple,10,False,2023-01-18 08:00:00,8.755682454264658
2.0,banana,10,False,2023-01-18 09:00:00,6.312569886578437
,apple,10,True,2023-01-18 10:00:00,3.036511973928086
5.0,apple,10,True,2023-01-18 11:00:00,4.458156581236432
,grape,10,False,2023-01-18 12:00:00,5.0511102506373895
2.0,orange,10,False,2023-01-18 13:00:00,6.213397184384742
2.0,nan,10,False,2023-01-18 14:00:00,7.834159231773517
,apple,10,False,2023-01-18 15:00:00,1.8898625587657185
1.0,nan,10,False,2023-01-18 16:00:00,9.006868297158096
4.0,apple,10,False,2023-01-18 17:00:00,1.1107873271446804
2.0,banana,10,True,2023-01-18 18:00:00,4.330471012068298
,apple,10,False,2023-01-18 19:00:00,1.2467827897539188
,grape,10,True,2023-01-18 20:00:00,4.5367680281076215
3.0,orange,10,False,2023-01-18 21:00:00,5.732313389859914
4.0,banana,10,False,2023-01-18 22:00:00,5.605132479233606
5.0,apple,10,True,2023-01-18 23:00:00,2.4906551232543883
1.0,nan,10,True,2023-01-19 00:00:00,6.81166459086051
5.0,banana,10,True,2023-01-19 01:00:00,1.403006054542014
4.0,banana,10,True,2023-01-19 02:00:00,7.857161381191738
4.0,apple,10,False,2023-01-19 03:00:00,9.519799905941916
4.0,banana,10,True,2023-01-19 04:00:00,4.057919444360061
5.0,nan,10,False,2023-01-19 05:00:00,5.6551544354289875
4.0,banana,10,True,2023-01-19 06:00:00,4.41019250252933
,nan,10,False,2023-01-19 07:00:00,1.0603935127365396
5.0,apple,10,False,2023-01-19 08:00:00,4.4728705260560435
4.0,orange,10,False,2023-01-19 09:00:00,8.125482333352117
,banana,10,False,2023-01-19 10:00:00,6.363899579651337
3.0,orange,10,False,2023-01-19 11:00:00,1.9113392315364304
4.0,nan,10,False,2023-01-19 12:00:00,8.624255407244066
5.0,banana,10,True,2023-01-19 13:00:00,5.779768103967186
2.0,grape,10,False,2023-01-19 14:00:00,8.575510255702085
4.0,orange,10,True,2023-01-19 15:00:00,6.221993669065264
2.0,banana,10,True,2023-01-19 16:00:00,6.037196003541459
,orange,10,False,2023-01-19 17:00:00,1.9473326667731115
3.0,banana,10,True,2023-01-19 18:00:00,2.5062375982476515
1.0,apple,10,False,2023-01-19 19:00:00,9.74822730846932
3.0,orange,10,True,2023-01-19 20:00:00,3.0563807207929368
4.0,grape,10,False,2023-01-19 21:00:00,9.79706906191331
2.0,grape,10,True,2023-01-19 22:00:00,5.78721435871837
2.0,nan,10,False,2023-01-19 23:00:00,2.222101423575434
5.0,banana,10,False,2023-01-20 00:00:00,1.8937198247832365
2.0,orange,10,False,2023-01-20 01:00:00,2.87977663635166
5.0,nan,10,False,2023-01-20 02:00:00,9.330735970228021
,orange,10,True,2023-01-20 03:00:00,4.727352018954042
1.0,banana,10,False,2023-01-20 04:00:00,4.55890841193623
4.0,grape,10,True,2023-01-20 05:00:00,3.818856349631566
5.0,apple,10,True,2023-01-20 06:00:00,2.3235566550992957
1.0,grape,10,True,2023-01-20 07:00:00,5.390660774731658
2.0,nan,10,False,2023-01-20 08:00:00,2.1704300426002483
2.0,apple,10,True,2023-01-20 09:00:00,8.519322127440947
1.0,nan,10,True,2023-01-20 10:00:00,4.333572876477758
2.0,banana,10,True,2023-01-20 11:00:00,4.373232110036167
,apple,10,False,2023-01-20 12:00:00,5.266057856348403
,nan,10,False,2023-01-20 13:00:00,4.997149418491764
1.0,banana,10,True,2023-01-20 14:00:00,9.953721757533893
5.0,grape,10,False,2023-01-20 15:00:00,5.908430090964723
5.0,banana,10,False,2023-01-20 16:00:00,1.793815334108836
1.0,orange,10,True,2023-01-20 17:00:00,6.46189607419237
5.0,banana,10,True,2023-01-20 18:00:00,2.3642586358289197
5.0,banana,10,False,2023-01-20 19:00:00,1.2784388025820776
,orange,10,True,2023-01-20 20:00:00,9.736679383095233
5.0,nan,10,False,2023-01-20 21:00:00,7.961850023811075
3.0,nan,10,False,2023-01-20 22:00:00,9.820980931723902
4.0,banana,10,False,2023-01-20 23:00:00,5.3009060322001815
2.0,orange,10,False,2023-01-21 00:00:00,5.790317780340785
3.0,orange,10,False,2023-01-21 01:00:00,2.515032603272172
5.0,grape,10,False,2023-01-21 02:00:00,3.22216684000827
,nan,10,True,2023-01-21 03:00:00,8.546942934125454
1.0,apple,10,True,2023-01-21 04:00:00,4.205670824058347
5.0,nan,10,False,2023-01-21 05:00:00,8.44133476416777
,nan,10,False,2023-01-21 06:00:00,7.381123518583286
4.0,grape,10,False,2023-01-21 07:00:00,2.5945383274467897
5.0,apple,10,True,2023-01-21 08:00:00,5.5670172950776795
1.0,grape,10,False,2023-01-21 09:00:00,7.096485893668452
,apple,10,True,2023-01-21 10:00:00,3.115334933234426
,banana,10,False,2023-01-21 11:00:00,8.476196594680692
,apple,10,False,2023-01-21 12:00:00,5.903448917906681
4.0,grape,10,True,2023-01-21 13:00:00,2.4871784539834287
5.0,nan,10,True,2023-01-21 14:00:00,6.2468598354814215
4.0,apple,10,False,2023-01-21 15:00:00,9.997424237403226
2.0,apple,10,False,2023-01-21 16:00:00,2.354693424970722
2.0,orange,10,False,2023-01-21 17:00:00,8.350812371075753
5.0,nan,10,True,2023-01-21 18:00:00,2.865781028688022
4.0,banana,10,True,2023-01-21 19:00:00,8.041494965140785
1.0,grape,10,True,2023-01-21 20:00:00,7.611201308092719
,banana,10,True,2023-01-21 21:00:00,3.704404470403891
,nan,10,True,2023-01-21 22:00:00,3.9324080580800485
5.0,apple,10,True,2023-01-21 23:00:00,8.132692527666272
2.0,apple,10,False,2023-01-22 00:00:00,5.153009606985814
2.0,nan,10,False,2023-01-22 01:00:00,7.577362258406279
,apple,10,True,2023-01-22 02:00:00,2.331857326292513
5.0,apple,10,False,2023-01-22 03:00:00,8.673020037113982
4.0,apple,10,False,2023-01-22 04:00:00,7.397962450140872
2.0,grape,10,True,2023-01-22 05:00:00,9.162485279513506
4.0,grape,10,False,2023-01-22 06:00:00,2.191351411314752
2.0,orange,10,True,2023-01-22 07:00:00,6.337130503245379
2.0,banana,10,True,2023-01-22 08:00:00,6.392085265362926
3.0,nan,10,False,2023-01-22 09:00:00,4.181146664921042
2.0,nan,10,True,2023-01-22 10:00:00,5.12619782112332
1.0,nan,10,True,2023-01-22 11:00:00,1.3418340696086812
5.0,orange,10,True,2023-01-22 12:00:00,7.712740347643108
5.0,grape,10,True,2023-01-22 13:00:00,5.943902314628566
4.0,orange,10,True,2023-01-22 14:00:00,1.519669466822564
2.0,nan,10,True,2023-01-22 15:00:00,7.12680303664437
1.0,banana,10,True,2023-01-22 16:00:00,5.201038695080691
4.0,apple,10,True,2023-01-22 17:00:00,1.310151334825
3.0,grape,10,False,2023-01-22 18:00:00,9.72646954163286
4.0,grape,10,False,2023-01-22 19:00:00,9.542009287804964
4.0,orange,10,False,2023-01-22 20:00:00,5.616121745324778
2.0,grape,10,True,2023-01-22 21:00:00,1.843051786353192
3.0,nan,10,True,2023-01-22 22:00:00,7.7915909943873265
4.0,nan,10,False,2023-01-22 23:00:00,5.4273799009515615
1.0,orange,10,False,2023-01-23 00:00:00,3.722027304604419
1.0,nan,10,False,2023-01-23 01:00:00,5.422763597757011
5.0,banana,10,True,2023-01-23 02:00:00,5.70199730864918
3.0,orange,10,False,2023-01-23 03:00:00,6.064405291201052
3.0,banana,10,False,2023-01-23 04:00:00,4.971013422897939
5.0,apple,10,True,2023-01-23 05:00:00,6.45179772825151
4.0,banana,10,False,2023-01-23 06:00:00,9.268612395457396
3.0,apple,10,True,2023-01-23 07:00:00,4.26041278388732
1.0,apple,10,True,2023-01-23 08:00:00,7.531448168979542
1.0,banana,10,True,2023-01-23 09:00:00,9.050073011418089
2.0,orange,10,False,2023-01-23 10:00:00,5.103813481839432
3.0,nan,10,False,2023-01-23 11:00:00,4.991102527437137
4.0,nan,10,True,2023-01-23 12:00:00,6.419052868193016
5.0,apple,10,False,2023-01-23 13:00:00,6.322660834802393
5.0,apple,10,False,2023-01-23 14:00:00,8.259304080936493
4.0,orange,10,False,2023-01-23 15:00:00,5.288350454004634
,grape,10,False,2023-01-23 16:00:00,9.96510654675497
2.0,banana,10,True,2023-01-23 17:00:00,1.5352441198055269
5.0,apple,10,False,2023-01-23 18:00:00,1.0285106372263155
3.0,nan,10,True,2023-01-23 19:00:00,6.761784804036615
2.0,orange,10,True,2023-01-23 20:00:00,3.68591421125689
3.0,banana,10,False,2023-01-23 21:00:00,3.163441498295354
1.0,orange,10,True,2023-01-23 22:00:00,3.807091720038524
2.0,banana,10,False,2023-01-23 23:00:00,3.304428085944589
5.0,banana,10,False,2023-01-24 00:00:00,1.2771104469440306
2.0,apple,10,True,2023-01-24 01:00:00,9.743797381515298
2.0,orange,10,True,2023-01-24 02:00:00,2.9867093960750357
2.0,orange,10,True,2023-01-24 03:00:00,7.606267863303756
,nan,10,True,2023-01-24 04:00:00,7.863367552247578
2.0,nan,10,False,2023-01-24 05:00:00,9.363316582065064
3.0,apple,10,False,2023-01-24 06:00:00,1.2749451138404198
1.0,apple,10,False,2023-01-24 07:00:00,8.84843504602307
4.0,grape,10,True,2023-01-24 08:00:00,5.745035627558202
2.0,nan,10,True,2023-01-24 09:00:00,6.692896989692451
5.0,banana,10,True,2023-01-24 10:00:00,6.800232494089303
2.0,orange,10,False,2023-01-24 11:00:00,8.378180244862548
5.0,apple,10,True,2023-01-24 12:00:00,4.000665899431994
3.0,orange,10,False,2023-01-24 13:00:00,7.59746070873994
5.0,orange,10,True,2023-01-24 14:00:00,5.757202987499774
4.0,grape,10,False,2023-01-24 15:00:00,8.140546128748129
1.0,nan,10,False,2023-01-24 16:00:00,9.9149142949312
5.0,apple,10,True,2023-01-24 17:00:00,2.805859156633851
5.0,orange,10,True,2023-01-24 18:00:00,9.951837774039982
1.0,apple,10,False,2023-01-24 19:00:00,1.808309388544966
4.0,banana,10,False,2023-01-24 20:00:00,1.0208579311433248
2.0,grape,10,True,2023-01-24 21:00:00,1.3974574256004813
5.0,banana,10,True,2023-01-24 22:00:00,4.076041642630855
1.0,apple,10,False,2023-01-24 23:00:00,6.696156976105907
3.0,apple,10,True,2023-01-25 00:00:00,1.6212658679906466
1.0,nan,10,False,2023-01-25 01:00:00,1.0509923307661055
3.0,orange,10,False,2023-01-25 02:00:00,9.433819256129153
4.0,orange,10,True,2023-01-25 03:00:00,8.397339723459368
2.0,banana,10,True,2023-01-25 04:00:00,8.28264854025128
1.0,grape,10,True,2023-01-25 05:00:00,8.959818479517793
,orange,10,True,2023-01-25 06:00:00,7.300308454948939
5.0,nan,10,True,2023-01-25 07:00:00,1.9396371677327329
4.0,banana,10,False,2023-01-25 08:00:00,4.591901692663507
1.0,banana,10,False,2023-01-25 09:00:00,7.508345378181666
5.0,nan,10,True,2023-01-25 10:00:00,3.523010147123688
1.0,grape,10,True,2023-01-25 11:00:00,7.186657277226138
3.0,nan,10,True,2023-01-25 12:00:00,1.220486034408871
1.0,grape,10,False,2023-01-25 13:00:00,3.755236067916339
,nan,10,True,2023-01-25 14:00:00,5.9421730264945545
1.0,nan,10,True,2023-01-25 15:00:00,6.68880846555618
1.0,apple,10,False,2023-01-25 16:00:00,6.193365980157197
,banana,10,False,2023-01-25 17:00:00,7.279806484660865
4.0,nan,10,True,2023-01-25 18:00:00,1.0547987341585516
1.0,nan,10,True,2023-01-25 19:00:00,1.9084707997976933
,orange,10,True,2023-01-25 20:00:00,8.820498270512307
5.0,banana,10,False,2023-01-25 21:00:00,7.135737796811451
3.0,orange,10,True,2023-01-25 22:00:00,2.0163847841741016
3.0,banana,10,True,2023-01-25 23:00:00,8.578669936587213
1.0,orange,10,True,2023-01-26 00:00:00,3.180080960421102
4.0,nan,10,False,2023-01-26 01:00:00,5.304338957757011
4.0,nan,10,False,2023-01-26 02:00:00,2.3067686159619427
5.0,apple,10,True,2023-01-26 03:00:00,7.39099050779536
1.0,orange,10,True,2023-01-26 04:00:00,7.0016897891284104
3.0,grape,10,False,2023-01-26 05:00:00,2.9000122404952258
4.0,apple,10,False,2023-01-26 06:00:00,8.770606901713016
1.0,orange,10,False,2023-01-26 07:00:00,4.61175421797741
4.0,orange,10,False,2023-01-26 08:00:00,3.6326358196366764
,apple,10,False,2023-01-26 09:00:00,2.370966305180819
4.0,nan,10,False,2023-01-26 10:00:00,3.395512112639837
3.0,orange,10,False,2023-01-26 11:00:00,1.198242291014353
2.0,nan,10,False,2023-01-26 12:00:00,6.24931743210504
5.0,apple,10,False,2023-01-26 13:00:00,8.580076717095531
5.0,nan,10,True,2023-01-26 14:00:00,5.940824044974776
3.0,banana,10,True,2023-01-26 15:00:00,2.9734656573148817
4.0,grape,10,True,2023-01-26 16:00:00,1.3030226039248545
1.0,orange,10,False,2023-01-26 17:00:00,2.9316526593292256
4.0,grape,10,True,2023-01-26 18:00:00,4.74509285263983
3.0,nan,10,False,2023-01-26 19:00:00,7.836502858298168
5.0,orange,10,False,2023-01-26 20:00:00,2.690585672839967
4.0,nan,10,True,2023-01-26 21:00:00,7.478123080192175
5.0,banana,10,False,2023-01-26 22:00:00,8.802401215166952
1.0,apple,10,True,2023-01-26 23:00:00,5.0855216329752135
5.0,orange,10,True,2023-01-27 00:00:00,8.39288792478334
5.0,banana,10,True,2023-01-27 01:00:00,5.99191613231586
2.0,banana,10,False,2023-01-27 02:00:00,6.7338175337281445
2.0,orange,10,True,2023-01-27 03:00:00,5.736506143043824
,nan,10,False,2023-01-27 04:00:00,5.168554450762076
2.0,banana,10,True,2023-01-27 05:00:00,3.1118809759826442
5.0,grape,10,True,2023-01-27 06:00:00,3.7287465351494147
3.0,banana,10,True,2023-01-27 07:00:00,3.609731070492481
5.0,nan,10,False,2023-01-27 08:00:00,6.069600378584332
3.0,nan,10,False,2023-01-27 09:00:00,2.0795832372150094
3.0,grape,10,False,2023-01-27 10:00:00,9.251125216321016
2.0,banana,10,True,2023-01-27 11:00:00,7.485896307548019
4.0,nan,10,True,2023-01-27 12:00:00,4.6130106782187426
1.0,orange,10,False,2023-01-27 13:00:00,2.427617300737402
2.0,apple,10,False,2023-01-27 14:00:00,8.937929527494724
2.0,apple,10,False,2023-01-27 15:00:00,8.414002810910487
4.0,apple,10,False,2023-01-27 16:00:00,7.495493974454614
1.0,banana,10,False,2023-01-27 17:00:00,3.4439234267011813
5.0,grape,10,False,2023-01-27 18:00:00,4.62201973690302
,nan,10,True,2023-01-27 19:00:00,1.9247342720718104
,orange,10,False,2023-01-27 20:00:00,2.7013557225477856
5.0,orange,10,True,2023-01-27 21:00:00,8.047149735850596
2.0,banana,10,True,2023-01-27 22:00:00,7.435348469656154
1.0,apple,10,False,2023-01-27 23:00:00,6.341371866783412
2.0,banana,10,False,2023-01-28 00:00:00,9.061540533335556
3.0,grape,10,True,2023-01-28 01:00:00,6.249398660317409
2.0,grape,10,False,2023-01-28 02:00:00,5.202711999672497
2.0,nan,10,False,2023-01-28 03:00:00,4.063336716751865
5.0,nan,10,True,2023-01-28 04:00:00,9.464036551625552
5.0,grape,10,True,2023-01-28 05:00:00,1.7444391537191815
5.0,grape,10,True,2023-01-28 06:00:00,9.377986348547276
,grape,10,False,2023-01-28 07:00:00,8.440431939379165
3.0,banana,10,True,2023-01-28 08:00:00,2.1693693208213114
5.0,grape,10,False,2023-01-28 09:00:00,6.084859219077282
1.0,orange,10,True,2023-01-28 10:00:00,8.798931835741783
,apple,10,True,2023-01-28 11:00:00,6.146282472464383
4.0,grape,10,True,2023-01-28 12:00:00,9.1647983940456
1.0,apple,10,False,2023-01-28 13:00:00,9.486854351344382
1.0,banana,10,False,2023-01-28 14:00:00,4.801460699658753
5.0,apple,10,True,2023-01-28 15:00:00,4.395822952656912
4.0,banana,10,True,2023-01-28 16:00:00,9.42689038572241
4.0,orange,10,True,2023-01-28 17:00:00,7.076260550347013
,banana,10,False,2023-01-28 18:00:00,2.0442041321335234
4.0,banana,10,True,2023-01-28 19:00:00,1.3806257430041309
3.0,nan,10,False,2023-01-28 20:00:00,6.081661458975368
5.0,grape,10,True,2023-01-28 21:00:00,9.37153868894582
4.0,grape,10,True,2023-01-28 22:00:00,8.598238321652365
,orange,10,True,2023-01-28 23:00:00,7.082629718179028
3.0,orange,10,True,2023-01-29 00:00:00,2.2520426400197877
2.0,grape,10,True,2023-01-29 01:00:00,3.2880824537382605
2.0,nan,10,True,2023-01-29 02:00:00,8.879601038973545
3.0,grape,10,False,2023-01-29 03:00:00,2.6452651299121044
,nan,10,True,2023-01-29 04:00:00,3.505954674253911
3.0,orange,10,False,2023-01-29 05:00:00,2.1664058607589776
5.0,apple,10,True,2023-01-29 06:00:00,7.0849740827297
5.0,orange,10,True,2023-01-29 07:00:00,9.495840748268886
2.0,orange,10,False,2023-01-29 08:00:00,3.4207122843584736
4.0,banana,10,True,2023-01-29 09:00:00,5.2786594706506635
,banana,10,False,2023-01-29 10:00:00,6.709057657400838
2.0,banana,10,False,2023-01-29 11:00:00,9.995196233940677
4.0,banana,10,True,2023-01-29 12:00:00,1.943272584978149
4.0,nan,10,False,2023-01-29 13:00:00,5.487137195551382
5.0,grape,10,False,2023-01-29 14:00:00,4.4660810791225005
1.0,apple,10,True,2023-01-29 15:00:00,8.792381487001197
1.0,orange,10,False,2023-01-29 16:00:00,5.283709579104903
3.0,nan,10,True,2023-01-29 17:00:00,1.9987977212663328
5.0,apple,10,True,2023-01-29 18:00:00,6.709817307579253
4.0,nan,10,True,2023-01-29 19:00:00,7.937025564374918
,nan,10,True,2023-01-29 20:00:00,1.0259312649905312
1.0,orange,10,False,2023-01-29 21:00:00,8.730610168785667
4.0,grape,10,True,2023-01-29 22:00:00,2.6742070000509908
1.0,banana,10,True,2023-01-29 23:00:00,5.968624281880401
1.0,grape,10,False,2023-01-30 00:00:00,4.742177506187051
1.0,orange,10,True,2023-01-30 01:00:00,7.476884349494774
,orange,10,True,2023-01-30 02:00:00,4.340454533071677
5.0,orange,10,False,2023-01-30 03:00:00,8.827868590135397
,apple,10,False,2023-01-30 04:00:00,7.574467248629112
2.0,grape,10,False,2023-01-30 05:00:00,6.829418539566293
4.0,grape,10,False,2023-01-30 06:00:00,8.166165360065689
5.0,nan,10,False,2023-01-30 07:00:00,7.7862073143554404
5.0,nan,10,False,2023-01-30 08:00:00,1.32344807429398
5.0,nan,10,False,2023-01-30 09:00:00,4.552609184603453
5.0,orange,10,True,2023-01-30 10:00:00,9.377265675848408
,grape,10,False,2023-01-30 11:00:00,2.131518420930036
5.0,orange,10,False,2023-01-30 12:00:00,7.633868953888461
3.0,apple,10,False,2023-01-30 13:00:00,9.771326302017966
4.0,nan,10,True,2023-01-30 14:00:00,1.4697876614047447
5.0,orange,10,True,2023-01-30 15:00:00,7.139744925639494
4.0,orange,10,False,2023-01-30 16:00:00,5.213387271709274
3.0,apple,10,False,2023-01-30 17:00:00,6.2125772983725
3.0,banana,10,False,2023-01-30 18:00:00,1.7680720283589237
4.0,grape,10,True,2023-01-30 19:00:00,1.3870625668024554
1.0,banana,10,True,2023-01-30 20:00:00,7.001799944958295
2.0,nan,10,False,2023-01-30 21:00:00,8.40978486838646
1.0,orange,10,True,2023-01-30 22:00:00,8.038138014396704
1.0,apple,10,False,2023-01-30 23:00:00,5.894251550796136
,apple,10,True,2023-01-31 00:00:00,1.8988013902256036
1.0,grape,10,True,2023-01-31 01:00:00,7.192399994524124
5.0,banana,10,False,2023-01-31 02:00:00,3.1769999519873133
,grape,10,False,2023-01-31 03:00:00,9.199618324906453
,orange,10,False,2023-01-31 04:00:00,8.544388235911345
3.0,grape,10,False,2023-01-31 05:00:00,7.3844467037865185
1.0,apple,10,True,2023-01-31 06:00:00,9.539613602480173
3.0,apple,10,True,2023-01-31 07:00:00,1.2827963936014564
4.0,nan,10,True,2023-01-31 08:00:00,7.625803825546858
2.0,nan,10,False,2023-01-31 09:00:00,3.972185014027648
,orange,10,True,2023-01-31 10:00:00,9.154592971177287
4.0,banana,10,False,2023-01-31 11:00:00,3.4000767699577983
4.0,grape,10,True,2023-01-31 12:00:00,7.523708493835153
5.0,orange,10,False,2023-01-31 13:00:00,8.898823176857032
2.0,nan,10,False,2023-01-31 14:00:00,1.3749113654441418
4.0,grape,10,True,2023-01-31 15:00:00,4.578828216328326
4.0,nan,10,False,2023-01-31 16:00:00,7.860781288197448
2.0,grape,10,False,2023-01-31 17:00:00,5.0942700055682835
2.0,banana,10,True,2023-01-31 18:00:00,3.4052736681423577
4.0,orange,10,False,2023-01-31 19:00:00,2.97824813940871
2.0,grape,10,False,2023-01-31 20:00:00,2.183664402247401
4.0,apple,10,False,2023-01-31 21:00:00,8.71416603870654
4.0,apple,10,True,2023-01-31 22:00:00,6.178198629264004
5.0,grape,10,True,2023-01-31 23:00:00,1.6874645049231038
1.0,grape,10,False,2023-02-01 00:00:00,4.4432229121357185
4.0,grape,10,True,2023-02-01 01:00:00,4.309602857245989
3.0,apple,10,False,2023-02-01 02:00:00,2.6356527163851666
,apple,10,False,2023-02-01 03:00:00,4.919568629249716
1.0,grape,10,False,2023-02-01 04:00:00,3.988894288538228
1.0,nan,10,False,2023-02-01 05:00:00,4.076233349429643
1.0,nan,10,False,2023-02-01 06:00:00,7.651239020091628
5.0,banana,10,True,2023-02-01 07:00:00,3.009370469546767
4.0,orange,10,False,2023-02-01 08:00:00,6.7767396296981985
5.0,nan,10,True,2023-02-01 09:00:00,6.135846614928414
4.0,apple,10,True,2023-02-01 10:00:00,6.1128326110408056
5.0,nan,10,False,2023-02-01 11:00:00,6.967066115275983
5.0,banana,10,False,2023-02-01 12:00:00,5.935438325760885
,banana,10,True,2023-02-01 13:00:00,8.913296033617462
3.0,orange,10,True,2023-02-01 14:00:00,7.080220827552338
5.0,nan,10,True,2023-02-01 15:00:00,5.9226692623424935
,apple,10,False,2023-02-01 16:00:00,8.467868082588804
2.0,apple,10,True,2023-02-01 17:00:00,6.455319084401317
3.0,grape,10,False,2023-02-01 18:00:00,3.620298230066611
5.0,apple,10,False,2023-02-01 19:00:00,2.863854263589141
1.0,orange,10,False,2023-02-01 20:00:00,2.370950070964109
2.0,orange,10,True,2023-02-01 21:00:00,9.095096912914915
2.0,apple,10,False,2023-02-01 22:00:00,7.3912188861825925
,apple,10,False,2023-02-01 23:00:00,9.436405943478887
2.0,grape,10,False,2023-02-02 00:00:00,6.429626251434487
3.0,apple,10,False,2023-02-02 01:00:00,5.260607933454213
5.0,grape,10,False,2023-02-02 02:00:00,1.537448400738004
5.0,grape,10,True,2023-02-02 03:00:00,7.044780533914268
1.0,apple,10,False,2023-02-02 04:00:00,6.23987883791408
,banana,10,False,2023-02-02 05:00:00,9.911880042288592
1.0,banana,10,True,2023-02-02 06:00:00,3.152429000040187
2.0,grape,10,False,2023-02-02 07:00:00,5.776636197581523
1.0,apple,10,True,2023-02-02 08:00:00,6.858616016062654
3.0,banana,10,False,2023-02-02 09:00:00,6.801320572681092
5.0,apple,10,True,2023-02-02 10:00:00,6.0516418865356245
2.0,apple,10,True,2023-02-02 11:00:00,7.992352092945029
1.0,apple,10,False,2023-02-02 12:00:00,2.844830885741348
,nan,10,False,2023-02-02 13:00:00,7.530644802469743
3.0,apple,10,False,2023-02-02 14:00:00,6.577611142897803
3.0,nan,10,True,2023-02-02 15:00:00,9.06467600615116
1.0,grape,10,True,2023-02-02 16:00:00,8.624749951302235
5.0,banana,10,True,2023-02-02 17:00:00,3.8363233521929794
1.0,banana,10,False,2023-02-02 18:00:00,3.4861359247763777
2.0,banana,10,True,2023-02-02 19:00:00,9.834879914672031
1.0,banana,10,True,2023-02-02 20:00:00,5.745386628237309
3.0,banana,10,False,2023-02-02 21:00:00,9.15778867522993
1.0,banana,10,True,2023-02-02 22:00:00,2.47492921402434
5.0,banana,10,True,2023-02-02 23:00:00,6.785370233201569
,grape,10,False,2023-02-03 00:00:00,8.288741686245276
4.0,apple,10,True,2023-02-03 01:00:00,9.52655724627802
1.0,orange,10,False,2023-02-03 02:00:00,4.036061269153212
5.0,nan,10,False,2023-02-03 03:00:00,7.524830529316472
5.0,orange,10,False,2023-02-03 04:00:00,5.849317081356571
,orange,10,False,2023-02-03 05:00:00,1.5456603345982138
3.0,apple,10,False,2023-02-03 06:00:00,7.20999763578049
5.0,apple,10,True,2023-02-03 07:00:00,7.210869024140591
5.0,apple,10,True,2023-02-03 08:00:00,9.375461243618833
5.0,banana,10,False,2023-02-03 09:00:00,5.475812015520752
5.0,grape,10,False,2023-02-03 10:00:00,3.072258286394632
2.0,banana,10,True,2023-02-03 11:00:00,1.4010744110381124
2.0,grape,10,False,2023-02-03 12:00:00,4.740779680173151
3.0,grape,10,False,2023-02-03 13:00:00,3.7172503006975166
1.0,orange,10,False,2023-02-03 14:00:00,7.84979475421488
5.0,orange,10,True,2023-02-03 15:00:00,4.1884098835694195
,grape,10,True,2023-02-03 16:00:00,9.541640766833595
1.0,grape,10,False,2023-02-03 17:00:00,9.660791826890058
,banana,10,False,2023-02-03 18:00:00,6.588177311959372
1.0,banana,10,True,2023-02-03 19:00:00,9.357942583133946
3.0,orange,10,True,2023-02-03 20:00:00,7.84768910063046
5.0,apple,10,False,2023-02-03 21:00:00,5.921736768776135
5.0,grape,10,False,2023-02-03 22:00:00,2.6227714188050033
4.0,banana,10,True,2023-02-03 23:00:00,5.1273814916245595
,orange,10,True,2023-02-04 00:00:00,6.047870170263558
1.0,banana,10,True,2023-02-04 01:00:00,8.775654226615092
1.0,grape,10,False,2023-02-04 02:00:00,5.332000388820984
2.0,grape,10,True,2023-02-04 03:00:00,9.07907205410161
4.0,nan,10,False,2023-02-04 04:00:00,7.06914081121122
2.0,apple,10,True,2023-02-04 05:00:00,2.2329915674830425
2.0,nan,10,True,2023-02-04 06:00:00,9.954832323925837
2.0,orange,10,True,2023-02-04 07:00:00,5.745093946785214
,banana,10,True,2023-02-04 08:00:00,4.52672466768171
,orange,10,False,2023-02-04 09:00:00,6.932023880225739
3.0,grape,10,False,2023-02-04 10:00:00,1.9800398258293517
3.0,nan,10,True,2023-02-04 11:00:00,6.72884782078019
2.0,nan,10,False,2023-02-04 12:00:00,5.484124004493457
4.0,nan,10,True,2023-02-04 13:00:00,4.660066629987249
1.0,orange,10,True,2023-02-04 14:00:00,9.577180190610093
,grape,10,True,2023-02-04 15:00:00,5.702857450588479
4.0,banana,10,True,2023-02-04 16:00:00,2.9720573152294456
5.0,banana,10,False,2023-02-04 17:00:00,5.130671314395688
,orange,10,True,2023-02-04 18:00:00,9.274486641154054
,nan,10,True,2023-02-04 19:00:00,2.584859241975352
3.0,apple,10,False,2023-02-04 20:00:00,2.925613348194132
1.0,orange,10,True,2023-02-04 21:00:00,1.1172661098137537
1.0,orange,10,True,2023-02-04 22:00:00,1.1277104445619046
5.0,grape,10,True,2023-02-04 23:00:00,8.464524642626614
5.0,banana,10,False,2023-02-05 00:00:00,7.589103461586602
,orange,10,True,2023-02-05 01:00:00,4.195369508067625
2.0,orange,10,False,2023-02-05 02:00:00,7.284800415048155
3.0,nan,10,True,2023-02-05 03:00:00,4.556853336789732
3.0,nan,10,True,2023-02-05 04:00:00,9.576071163980448
,apple,10,False,2023-02-05 05:00:00,9.703474132834314
4.0,grape,10,True,2023-02-05 06:00:00,4.53514398228409
2.0,apple,10,True,2023-02-05 07:00:00,8.687997157067812
,nan,10,False,2023-02-05 08:00:00,7.957801375277196
2.0,banana,10,False,2023-02-05 09:00:00,3.789999434546104
2.0,nan,10,False,2023-02-05 10:00:00,3.0883584601099536
2.0,grape,10,False,2023-02-05 11:00:00,5.124111853535505
,nan,10,False,2023-02-05 12:00:00,8.032139565529656
3.0,grape,10,True,2023-02-05 13:00:00,9.641510062558709
3.0,grape,10,False,2023-02-05 14:00:00,7.872211619799153
2.0,grape,10,True,2023-02-05 15:00:00,8.696862865165329
4.0,grape,10,True,2023-02-05 16:00:00,6.427578755534649
1.0,grape,10,True,2023-02-05 17:00:00,8.518670477579132
,banana,10,False,2023-02-05 18:00:00,8.059787722030759
1.0,apple,10,False,2023-02-05 19:00:00,4.392869877336521
4.0,orange,10,True,2023-02-05 20:00:00,5.96791271908649
,apple,10,False,2023-02-05 21:00:00,8.242778097907253
2.0,grape,10,False,2023-02-05 22:00:00,1.4145106077096075
3.0,banana,10,False,2023-02-05 23:00:00,8.272713541202469
1.0,nan,10,False,2023-02-06 00:00:00,2.600993116441211
5.0,banana,10,True,2023-02-06 01:00:00,5.632152554092951
5.0,grape,10,True,2023-02-06 02:00:00,8.274478956003438
4.0,banana,10,False,2023-02-06 03:00:00,3.2843897034102536
2.0,banana,10,True,2023-02-06 04:00:00,3.212266953755377
1.0,grape,10,False,2023-02-06 05:00:00,4.624879586160267
2.0,banana,10,False,2023-02-06 06:00:00,9.051785178198712
1.0,orange,10,True,2023-02-06 07:00:00,1.003985032934871
4.0,orange,10,True,2023-02-06 08:00:00,9.112447869777414
4.0,banana,10,True,2023-02-06 09:00:00,2.38426322177447
5.0,nan,10,False,2023-02-06 10:00:00,9.91077738460734
2.0,grape,10,True,2023-02-06 11:00:00,9.593622937346213
,orange,10,False,2023-02-06 12:00:00,5.45207670632155
5.0,nan,10,True,2023-02-06 13:00:00,5.614482230313653
2.0,banana,10,True,2023-02-06 14:00:00,5.333944062482688
5.0,nan,10,False,2023-02-06 15:00:00,6.7189928109357036
,apple,10,False,2023-02-06 16:00:00,1.8164953201143792
3.0,orange,10,False,2023-02-06 17:00:00,1.2935615350740985
3.0,banana,10,False,2023-02-06 18:00:00,1.5193263557430896
3.0,grape,10,False,2023-02-06 19:00:00,4.999288143173629
3.0,banana,10,False,2023-02-06 20:00:00,3.4799314529753507
1.0,grape,10,False,2023-02-06 21:00:00,6.598356061338944
3.0,banana,10,False,2023-02-06 22:00:00,9.931980604373011
,nan,10,True,2023-02-06 23:00:00,4.476908557688193
4.0,nan,10,False,2023-02-07 00:00:00,6.16457128694062
4.0,nan,10,False,2023-02-07 01:00:00,4.74043506316602
1.0,apple,10,True,2023-02-07 02:00:00,8.625445009496733
3.0,grape,10,False,2023-02-07 03:00:00,9.120127631160143
3.0,nan,10,True,2023-02-07 04:00:00,8.89620050984734
3.0,apple,10,True,2023-02-07 05:00:00,9.769350148113318
5.0,grape,10,False,2023-02-07 06:00:00,1.2476726662637376
2.0,banana,10,True,2023-02-07 07:00:00,8.558345459309779
5.0,apple,10,False,2023-02-07 08:00:00,7.765949557351839
2.0,orange,10,True,2023-02-07 09:00:00,3.058249684603283
3.0,apple,10,True,2023-02-07 10:00:00,9.606880840487747
3.0,apple,10,True,2023-02-07 11:00:00,2.333601354069509
5.0,grape,10,False,2023-02-07 12:00:00,7.115949344205175
5.0,banana,10,False,2023-02-07 13:00:00,3.0240119513432124
2.0,orange,10,True,2023-02-07 14:00:00,4.882425838966672
4.0,nan,10,True,2023-02-07 15:00:00,7.47243907250112
2.0,nan,10,False,2023-02-07 16:00:00,6.06992177829742
5.0,apple,10,False,2023-02-07 17:00:00,4.847516481953005
,grape,10,True,2023-02-07 18:00:00,3.937045878387885
5.0,grape,10,True,2023-02-07 19:00:00,8.556936901379114
,nan,10,False,2023-02-07 20:00:00,2.294329152833323
1.0,orange,10,False,2023-02-07 21:00:00,4.8709258887682
5.0,banana,10,False,2023-02-07 22:00:00,9.13381814597628
1.0,orange,10,False,2023-02-07 23:00:00,8.612645954139708
4.0,banana,10,False,2023-02-08 00:00:00,4.6084758622574205
2.0,nan,10,True,2023-02-08 01:00:00,7.867975272411774
,banana,10,False,2023-02-08 02:00:00,8.408447476379735
2.0,grape,10,True,2023-02-08 03:00:00,8.999986816032667
1.0,apple,10,False,2023-02-08 04:00:00,5.900551921443052
,apple,10,True,2023-02-08 05:00:00,2.8401479744924063
2.0,nan,10,False,2023-02-08 06:00:00,3.297781688535385
5.0,grape,10,False,2023-02-08 07:00:00,3.6612520663744377
3.0,orange,10,True,2023-02-08 08:00:00,6.3442223272865395
1.0,grape,10,True,2023-02-08 09:00:00,1.295286617157476
2.0,apple,10,False,2023-02-08 10:00:00,6.724382219019715
1.0,apple,10,False,2023-02-08 11:00:00,4.2791881458540875
1.0,grape,10,False,2023-02-08 12:00:00,3.6571762224067794
,grape,10,False,2023-02-08 13:00:00,8.915469136553138
,apple,10,False,2023-02-08 14:00:00,5.14002156022719
3.0,orange,10,True,2023-02-08 15:00:00,1.855477409794235
5.0,nan,10,True,2023-02-08 16:00:00,8.440720912236223
1.0,nan,10,False,2023-02-08 17:00:00,1.4287713169285594
2.0,grape,10,True,2023-02-08 18:00:00,7.54074301751377
4.0,nan,10,True,2023-02-08 19:00:00,7.965155995935986
1.0,apple,10,True,2023-02-08 20:00:00,4.173423453359724
1.0,apple,10,False,2023-02-08 21:00:00,8.42309070650008
3.0,grape,10,True,2023-02-08 22:00:00,5.640934652708081
5.0,grape,10,False,2023-02-08 23:00:00,5.169642879455171
4.0,grape,10,True,2023-02-09 00:00:00,1.408629533218233
,orange,10,False,2023-02-09 01:00:00,3.610262742840153
,nan,10,True,2023-02-09 02:00:00,9.379089737967698
2.0,grape,10,False,2023-02-09 03:00:00,4.5264156695515005
4.0,banana,10,False,2023-02-09 04:00:00,5.920304685010915
,banana,10,True,2023-02-09 05:00:00,5.7881951108582665
2.0,apple,10,False,2023-02-09 06:00:00,6.31387980840424
5.0,nan,10,False,2023-02-09 07:00:00,1.5519786007895435
2.0,grape,10,False,2023-02-09 08:00:00,4.259586293188555
,banana,10,False,2023-02-09 09:00:00,7.508154464942987
3.0,nan,10,False,2023-02-09 10:00:00,2.8050422596568465
3.0,apple,10,False,2023-02-09 11:00:00,2.832205397917244
3.0,orange,10,False,2023-02-09 12:00:00,1.0908154602012226
,nan,10,False,2023-02-09 13:00:00,4.9373373394738875
3.0,nan,10,True,2023-02-09 14:00:00,8.944609426060797
4.0,orange,10,True,2023-02-09 15:00:00,1.467108492285781
5.0,nan,10,False,2023-02-09 16:00:00,2.7200683854640237
2.0,apple,10,False,2023-02-09 17:00:00,3.7907608450847956
2.0,apple,10,True,2023-02-09 18:00:00,7.585522629077916
,orange,10,True,2023-02-09 19:00:00,6.765720335223278
3.0,grape,10,True,2023-02-09 20:00:00,4.7434951412366955
3.0,banana,10,False,2023-02-09 21:00:00,7.831620453325382
1.0,grape,10,True,2023-02-09 22:00:00,6.486679104912117
5.0,nan,10,False,2023-02-09 23:00:00,9.064367196914972
4.0,banana,10,False,2023-02-10 00:00:00,8.362240742248236
2.0,orange,10,True,2023-02-10 01:00:00,3.2753224548028053
1.0,orange,10,False,2023-02-10 02:00:00,3.442947198707802
1.0,banana,10,False,2023-02-10 03:00:00,2.1282082821314705
,apple,10,False,2023-02-10 04:00:00,4.032682531457109
2.0,banana,10,False,2023-02-10 05:00:00,9.995895268471848
,nan,10,True,2023-02-10 06:00:00,4.651760517535549
4.0,apple,10,True,2023-02-10 07:00:00,2.9843959122019577
1.0,orange,10,False,2023-02-10 08:00:00,7.862345960279977
1.0,banana,10,False,2023-02-10 09:00:00,5.882239031163905
5.0,grape,10,True,2023-02-10 10:00:00,2.346413045742573
4.0,grape,10,False,2023-02-10 11:00:00,4.426207130447792
1.0,nan,10,True,2023-02-10 12:00:00,4.73022743985409
4.0,grape,10,False,2023-02-10 13:00:00,7.784467305122967
2.0,banana,10,False,2023-02-10 14:00:00,1.1860423200271402
3.0,banana,10,True,2023-02-10 15:00:00,3.4211768211847944
1.0,grape,10,True,2023-02-10 16:00:00,5.658366711839698
5.0,banana,10,True,2023-02-10 17:00:00,3.41962068207559
2.0,nan,10,True,2023-02-10 18:00:00,6.65590642677099
4.0,apple,10,False,2023-02-10 19:00:00,5.3368073134715495
,nan,10,True,2023-02-10 20:00:00,4.255392293736225
2.0,nan,10,False,2023-02-10 21:00:00,9.54287764183461
1.0,banana,10,True,2023-02-10 22:00:00,6.6894354926781165
4.0,apple,10,True,2023-02-10 23:00:00,2.1694723504114712
3.0,banana,10,False,2023-02-11 00:00:00,6.040825276990559
2.0,orange,10,True,2023-02-11 01:00:00,8.026586678808108
1.0,banana,10,True,2023-02-11 02:00:00,7.376407277435176
5.0,banana,10,True,2023-02-11 03:00:00,2.5488030636573344
,banana,10,True,2023-02-11 04:00:00,9.75177999136093
4.0,apple,10,False,2023-02-11 05:00:00,5.039322811719454
2.0,banana,10,False,2023-02-11 06:00:00,2.4312250336623515
2.0,apple,10,True,2023-02-11 07:00:00,2.621761787153331
3.0,grape,10,True,2023-02-11 08:00:00,1.8841149297017243
3.0,orange,10,True,2023-02-11 09:00:00,8.231662975914409
5.0,apple,10,False,2023-02-11 10:00:00,2.098274448896638
,grape,10,False,2023-02-11 11:00:00,2.126127314275722
5.0,apple,10,False,2023-02-11 12:00:00,8.654244532847539
1.0,apple,10,False,2023-02-11 13:00:00,4.101436760028037
1.0,orange,10,True,2023-02-11 14:00:00,1.2777211387726521
5.0,nan,10,True,2023-02-11 15:00:00,1.467057695665698
